{
    "type": 'bar',
    "datasets": [
        {
            "data": [
                65,
                59,
                80,
                81,
                56,
                55,
                40
            ],
            "fillColor": "rgba(220,220,220,0.5)",
            "highlightFill": "rgba(220,220,220,0.75)",
            "highlightStroke": "rgba(220,220,220,1)",
            "label": "My First dataset",
            "strokeColor": "rgba(220,220,220,0.8)"
        },
        {
            "data": [
                28,
                48,
                40,
                19,
                86,
                27,
                90
            ],
            "fillColor": "rgba(151,187,205,0.5)",
            "highlightFill": "rgba(151,187,205,0.75)",
            "highlightStroke": "rgba(151,187,205,1)",
            "label": "My Second dataset",
            "strokeColor": "rgba(151,187,205,0.8)"
        }
    ],
    "labels": [
        "January",
        "February",
        "March",
        "April",
        "May",
        "June",
        "July"
    ]
}
